{"10": {"LightGBMXT_BAG_L1": {"root_mean_squared_error": -0.5757967928775636, "mean_squared_error": -0.33154194668808784, "mean_absolute_error": -0.4458981699727571, "r2": -0.569407954102437, "pearsonr": -0.022872694621941272, "median_absolute_error": -0.3690012957524724, "name": "LightGBMXT_BAG_L1"}, "WeightedEnsemble_L2": {"root_mean_squared_error": -0.5818957772227951, "mean_squared_error": -0.3386026955497208, "mean_absolute_error": -0.4365355955890873, "r2": -0.6028311620435776, "pearsonr": 0.0036937010188181347, "median_absolute_error": -0.35240730325272374, "name": "WeightedEnsemble_L2"}, "RandomForestMSE_BAG_L1": {"root_mean_squared_error": -0.5868801408764656, "mean_squared_error": -0.34442829975518, "mean_absolute_error": -0.43547965951840745, "r2": -0.6304076110233556, "pearsonr": 0.04610558014710472, "median_absolute_error": -0.3495557308607541, "name": "RandomForestMSE_BAG_L1"}, "RandomForestMSE_BAG_L2": {"root_mean_squared_error": -0.6797043347658488, "mean_squared_error": -0.46199798269948505, "mean_absolute_error": -0.5214652073189034, "r2": -1.1869429074384548, "pearsonr": 0.005124880698205972, "median_absolute_error": -0.4161239614090857, "name": "RandomForestMSE_BAG_L2"}, "WeightedEnsemble_L3": {"root_mean_squared_error": -0.6797043347658488, "mean_squared_error": -0.46199798269948505, "mean_absolute_error": -0.5214652073189034, "r2": -1.1869429074384548, "pearsonr": 0.005124880698205972, "median_absolute_error": -0.4161239614090857, "name": "WeightedEnsemble_L3"}, "KNeighborsUnif_BAG_L1": {"root_mean_squared_error": -0.6970583944320229, "mean_squared_error": -0.4858904052481495, "mean_absolute_error": -0.5414646839379594, "r2": -1.3000415918288413, "pearsonr": -0.05666621529171728, "median_absolute_error": -0.4565431965267075, "name": "KNeighborsUnif_BAG_L1"}, "KNeighborsDist_BAG_L1": {"root_mean_squared_error": -0.6995659579899968, "mean_squared_error": -0.48939252957846197, "mean_absolute_error": -0.5424772916183862, "r2": -1.316619469334697, "pearsonr": -0.061653931495305625, "median_absolute_error": -0.4534186180573784, "name": "KNeighborsDist_BAG_L1"}}, "13": {"WeightedEnsemble_L2": {"root_mean_squared_error": -0.3326598468735174, "mean_squared_error": -0.11066257372191204, "mean_absolute_error": -0.27246874917901454, "r2": 0.1879882828607632, "pearsonr": 0.5994898998396664, "median_absolute_error": -0.24173940751474088, "name": "WeightedEnsemble_L2"}, "RandomForestMSE_BAG_L1": {"root_mean_squared_error": -0.3626238287827494, "mean_squared_error": -0.13149604120106076, "mean_absolute_error": -0.30069622814176217, "r2": 0.03511799317981479, "pearsonr": 0.5588317412175677, "median_absolute_error": -0.2679250207622397, "name": "RandomForestMSE_BAG_L1"}, "LightGBMXT_BAG_L1": {"root_mean_squared_error": -0.4148216575804168, "mean_squared_error": -0.17207700759776454, "mean_absolute_error": -0.3605591480313522, "r2": -0.26265404571893636, "pearsonr": 0.6826049350792697, "median_absolute_error": -0.4183307953714712, "name": "LightGBMXT_BAG_L1"}, "KNeighborsDist_BAG_L1": {"root_mean_squared_error": -0.42681015598020655, "mean_squared_error": -0.18216690924784823, "mean_absolute_error": -0.3352542624844014, "r2": -0.3366909860239691, "pearsonr": 0.5056133642384243, "median_absolute_error": -0.24019017128750006, "name": "KNeighborsDist_BAG_L1"}, "KNeighborsUnif_BAG_L1": {"root_mean_squared_error": -0.42719130299526153, "mean_squared_error": -0.18249240935478933, "mean_absolute_error": -0.3354283818461811, "r2": -0.33907941683554976, "pearsonr": 0.5044374702753789, "median_absolute_error": -0.24443968095741064, "name": "KNeighborsUnif_BAG_L1"}, "RandomForestMSE_BAG_L2": {"root_mean_squared_error": -0.4547400823657184, "mean_squared_error": -0.20678854250998033, "mean_absolute_error": -0.3582735112853355, "r2": -0.5173578007521145, "pearsonr": 0.39849019579689016, "median_absolute_error": -0.26168671722080994, "name": "RandomForestMSE_BAG_L2"}, "WeightedEnsemble_L3": {"root_mean_squared_error": -0.4547400823657184, "mean_squared_error": -0.20678854250998033, "mean_absolute_error": -0.3582735112853355, "r2": -0.5173578007521145, "pearsonr": 0.39849019579689016, "median_absolute_error": -0.26168671722080994, "name": "WeightedEnsemble_L3"}}}