{"12": {"LightGBMXT_BAG_L1": {"root_mean_squared_error": -0.6552917134687345, "mean_squared_error": -0.4294072297407901, "mean_absolute_error": -0.5013112995201251, "r2": 0.005119729469581058, "pearsonr": 0.26159508504289763, "median_absolute_error": -0.37114731839434245, "name": "LightGBMXT_BAG_L1"}, "LightGBMXT_BAG_L2": {"root_mean_squared_error": -0.6580204465773782, "mean_squared_error": -0.43299090811389224, "mean_absolute_error": -0.5085821284316274, "r2": -0.0031831836217472986, "pearsonr": 0.22884150400959433, "median_absolute_error": -0.4079827599398402, "name": "LightGBMXT_BAG_L2"}, "WeightedEnsemble_L3": {"root_mean_squared_error": -0.6580204465773782, "mean_squared_error": -0.43299090811389224, "mean_absolute_error": -0.5085821284316274, "r2": -0.0031831836217472986, "pearsonr": 0.22884150400959433, "median_absolute_error": -0.4079827599398402, "name": "WeightedEnsemble_L3"}, "RandomForestMSE_BAG_L1": {"root_mean_squared_error": -0.678784966187951, "mean_squared_error": -0.46074903032277775, "mean_absolute_error": -0.5324831913287019, "r2": -0.067495114627806, "pearsonr": 0.24854368934858834, "median_absolute_error": -0.4225205744488919, "name": "RandomForestMSE_BAG_L1"}, "WeightedEnsemble_L2": {"root_mean_squared_error": -0.6795955065439653, "mean_squared_error": -0.4618500525147488, "mean_absolute_error": -0.5306505774976712, "r2": -0.07004603873979498, "pearsonr": 0.21505487773528123, "median_absolute_error": -0.40229712734134027, "name": "WeightedEnsemble_L2"}, "KNeighborsDist_BAG_L1": {"root_mean_squared_error": -0.7915381604630692, "mean_squared_error": -0.6265326594692596, "mean_absolute_error": -0.6107374084584765, "r2": -0.4515940547279267, "pearsonr": 0.07728135570145177, "median_absolute_error": -0.47160513504167867, "name": "KNeighborsDist_BAG_L1"}, "KNeighborsUnif_BAG_L1": {"root_mean_squared_error": -0.7938188993428898, "mean_squared_error": -0.6301484449539572, "mean_absolute_error": -0.6135450675963946, "r2": -0.4599713557886642, "pearsonr": 0.07211638896794052, "median_absolute_error": -0.4711911807837136, "name": "KNeighborsUnif_BAG_L1"}}, "15": {"RandomForestMSE_BAG_L1": {"root_mean_squared_error": -0.7165735742436998, "mean_squared_error": -0.5134776873043911, "mean_absolute_error": -0.5012262187674749, "r2": -0.05858913206050009, "pearsonr": 0.12963821563650016, "median_absolute_error": -0.34335094074040023, "name": "RandomForestMSE_BAG_L1"}, "LightGBMXT_BAG_L1": {"root_mean_squared_error": -0.7292125625170018, "mean_squared_error": -0.5317509613326123, "mean_absolute_error": -0.5290022014479417, "r2": -0.09626143948828347, "pearsonr": 0.026132797481592255, "median_absolute_error": -0.3949813361570481, "name": "LightGBMXT_BAG_L1"}, "WeightedEnsemble_L2": {"root_mean_squared_error": -0.7308260724908495, "mean_squared_error": -0.5341067482324005, "mean_absolute_error": -0.5135812506251634, "r2": -0.10111814596497193, "pearsonr": 0.03765830962710994, "median_absolute_error": -0.34860537620464527, "name": "WeightedEnsemble_L2"}, "LightGBMXT_BAG_L2": {"root_mean_squared_error": -0.7331290566260288, "mean_squared_error": -0.537478213669371, "mean_absolute_error": -0.5367875768704016, "r2": -0.10806878230017625, "pearsonr": 0.004970574575720952, "median_absolute_error": -0.38528675051978506, "name": "LightGBMXT_BAG_L2"}, "WeightedEnsemble_L3": {"root_mean_squared_error": -0.7331290566260288, "mean_squared_error": -0.537478213669371, "mean_absolute_error": -0.5367875768704016, "r2": -0.10806878230017625, "pearsonr": 0.004970574575720952, "median_absolute_error": -0.38528675051978506, "name": "WeightedEnsemble_L3"}, "KNeighborsUnif_BAG_L1": {"root_mean_squared_error": -0.8986950650608496, "mean_squared_error": -0.8076528199647247, "mean_absolute_error": -0.6738055796580174, "r2": -0.6650626090123424, "pearsonr": -0.13084309569921854, "median_absolute_error": -0.5004965944067932, "name": "KNeighborsUnif_BAG_L1"}, "KNeighborsDist_BAG_L1": {"root_mean_squared_error": -0.8997438086388133, "mean_squared_error": -0.8095389211838776, "mean_absolute_error": -0.6751266369317133, "r2": -0.668951008259139, "pearsonr": -0.13528761033923514, "median_absolute_error": -0.4958451056578645, "name": "KNeighborsDist_BAG_L1"}}}