{"11": {"LightGBMXT_BAG_L1": {"root_mean_squared_error": -0.7948727081603668, "mean_squared_error": -0.6318226221781957, "mean_absolute_error": -0.6804878164544065, "r2": -0.8862338221648858, "pearsonr": 0.03847551070228514, "median_absolute_error": -0.6349014831426291, "name": "LightGBMXT_BAG_L1"}, "WeightedEnsemble_L2": {"root_mean_squared_error": -0.8432340333327202, "mean_squared_error": -0.711043634970567, "mean_absolute_error": -0.6917484379758367, "r2": -1.1227390508633666, "pearsonr": -0.11847758934813284, "median_absolute_error": -0.598798558991129, "name": "WeightedEnsemble_L2"}, "RandomForestMSE_BAG_L1": {"root_mean_squared_error": -0.8513699269022803, "mean_squared_error": -0.7248307524335941, "mean_absolute_error": -0.7081751137097562, "r2": -1.1638989054745665, "pearsonr": -0.13606104427142518, "median_absolute_error": -0.6955695137058077, "name": "RandomForestMSE_BAG_L1"}, "KNeighborsUnif_BAG_L1": {"root_mean_squared_error": -0.9057522419075664, "mean_squared_error": -0.8203871237205826, "mean_absolute_error": -0.7224089950847625, "r2": -1.4491714695107891, "pearsonr": -0.05391562897079323, "median_absolute_error": -0.6256772802869324, "name": "KNeighborsUnif_BAG_L1"}, "KNeighborsDist_BAG_L1": {"root_mean_squared_error": -0.9076632733340693, "mean_squared_error": -0.8238526177595172, "mean_absolute_error": -0.7228322358788384, "r2": -1.4595173036694553, "pearsonr": -0.05681809756682686, "median_absolute_error": -0.6192766083148553, "name": "KNeighborsDist_BAG_L1"}, "RandomForestMSE_BAG_L2": {"root_mean_squared_error": -0.9361047463095653, "mean_squared_error": -0.8762920960632956, "mean_absolute_error": -0.7743595296109437, "r2": -1.6160693391952923, "pearsonr": -0.2052928536876179, "median_absolute_error": -0.6924999954948756, "name": "RandomForestMSE_BAG_L2"}, "WeightedEnsemble_L3": {"root_mean_squared_error": -0.9361047463095653, "mean_squared_error": -0.8762920960632956, "mean_absolute_error": -0.7743595296109437, "r2": -1.6160693391952923, "pearsonr": -0.2052928536876179, "median_absolute_error": -0.6924999954948756, "name": "WeightedEnsemble_L3"}}, "14": {"LightGBMXT_BAG_L1": {"root_mean_squared_error": -1.1368732881078047, "mean_squared_error": -1.2924808732130517, "mean_absolute_error": -0.8879246116800087, "r2": -1.524703506194561, "pearsonr": -0.30145927412778484, "median_absolute_error": -0.6982099832197479, "name": "LightGBMXT_BAG_L1"}, "KNeighborsUnif_BAG_L1": {"root_mean_squared_error": -1.1623752790591115, "mean_squared_error": -1.3511162893677475, "mean_absolute_error": -0.8999202518773705, "r2": -1.6392406291965624, "pearsonr": -0.1527669526772882, "median_absolute_error": -0.6966801235131737, "name": "KNeighborsUnif_BAG_L1"}, "KNeighborsDist_BAG_L1": {"root_mean_squared_error": -1.1625590584535517, "mean_squared_error": -1.3515435643924087, "mean_absolute_error": -0.9003426743067494, "r2": -1.6400752587645733, "pearsonr": -0.15043396997579583, "median_absolute_error": -0.7049900736872647, "name": "KNeighborsDist_BAG_L1"}, "WeightedEnsemble_L2": {"root_mean_squared_error": -1.1696005577555861, "mean_squared_error": -1.3679654647021784, "mean_absolute_error": -0.9188788033434033, "r2": -1.672153435045344, "pearsonr": -0.22451048576097485, "median_absolute_error": -0.7428223212109613, "name": "WeightedEnsemble_L2"}, "RandomForestMSE_BAG_L1": {"root_mean_squared_error": -1.192217178651736, "mean_squared_error": -1.4213818010723054, "mean_absolute_error": -0.9441507405981571, "r2": -1.7764957232112573, "pearsonr": -0.24477228130235096, "median_absolute_error": -0.77254998250929, "name": "RandomForestMSE_BAG_L1"}, "RandomForestMSE_BAG_L2": {"root_mean_squared_error": -1.232102826819722, "mean_squared_error": -1.51807737585715, "mean_absolute_error": -0.9820110798365805, "r2": -1.9653787169579306, "pearsonr": -0.22172816691374575, "median_absolute_error": -0.8030594603887204, "name": "RandomForestMSE_BAG_L2"}, "WeightedEnsemble_L3": {"root_mean_squared_error": -1.232102826819722, "mean_squared_error": -1.51807737585715, "mean_absolute_error": -0.9820110798365805, "r2": -1.9653787169579306, "pearsonr": -0.22172816691374575, "median_absolute_error": -0.8030594603887204, "name": "WeightedEnsemble_L3"}}}