{
	"10": {"LightGBMXT_BAG_L1": {"root_mean_squared_error": -0.5757967928775636, "mean_squared_error": -0.33154194668808784, "mean_absolute_error": -0.4458981699727571, "r2": -0.569407954102437, "pearsonr": -0.022872694621941272, "median_absolute_error": -0.3690012957524724, "name": "LightGBMXT_BAG_L1"}, "WeightedEnsemble_L2": {"root_mean_squared_error": -0.5818957772227951, "mean_squared_error": -0.3386026955497208, "mean_absolute_error": -0.4365355955890873, "r2": -0.6028311620435776, "pearsonr": 0.0036937010188181347, "median_absolute_error": -0.35240730325272374, "name": "WeightedEnsemble_L2"}, "RandomForestMSE_BAG_L1": {"root_mean_squared_error": -0.5868801408764656, "mean_squared_error": -0.34442829975518, "mean_absolute_error": -0.43547965951840745, "r2": -0.6304076110233556, "pearsonr": 0.04610558014710472, "median_absolute_error": -0.3495557308607541, "name": "RandomForestMSE_BAG_L1"}, "RandomForestMSE_BAG_L2": {"root_mean_squared_error": -0.6797043347658488, "mean_squared_error": -0.46199798269948505, "mean_absolute_error": -0.5214652073189034, "r2": -1.1869429074384548, "pearsonr": 0.005124880698205972, "median_absolute_error": -0.4161239614090857, "name": "RandomForestMSE_BAG_L2"}, "WeightedEnsemble_L3": {"root_mean_squared_error": -0.6797043347658488, "mean_squared_error": -0.46199798269948505, "mean_absolute_error": -0.5214652073189034, "r2": -1.1869429074384548, "pearsonr": 0.005124880698205972, "median_absolute_error": -0.4161239614090857, "name": "WeightedEnsemble_L3"}, "KNeighborsUnif_BAG_L1": {"root_mean_squared_error": -0.6970583944320229, "mean_squared_error": -0.4858904052481495, "mean_absolute_error": -0.5414646839379594, "r2": -1.3000415918288413, "pearsonr": -0.05666621529171728, "median_absolute_error": -0.4565431965267075, "name": "KNeighborsUnif_BAG_L1"}, "KNeighborsDist_BAG_L1": {"root_mean_squared_error": -0.6995659579899968, "mean_squared_error": -0.48939252957846197, "mean_absolute_error": -0.5424772916183862, "r2": -1.316619469334697, "pearsonr": -0.061653931495305625, "median_absolute_error": -0.4534186180573784, "name": "KNeighborsDist_BAG_L1"}}, 
	"13": {"WeightedEnsemble_L2": {"root_mean_squared_error": -0.3326598468735174, "mean_squared_error": -0.11066257372191204, "mean_absolute_error": -0.27246874917901454, "r2": 0.1879882828607632, "pearsonr": 0.5994898998396664, "median_absolute_error": -0.24173940751474088, "name": "WeightedEnsemble_L2"}, "RandomForestMSE_BAG_L1": {"root_mean_squared_error": -0.3626238287827494, "mean_squared_error": -0.13149604120106076, "mean_absolute_error": -0.30069622814176217, "r2": 0.03511799317981479, "pearsonr": 0.5588317412175677, "median_absolute_error": -0.2679250207622397, "name": "RandomForestMSE_BAG_L1"}, "LightGBMXT_BAG_L1": {"root_mean_squared_error": -0.4148216575804168, "mean_squared_error": -0.17207700759776454, "mean_absolute_error": -0.3605591480313522, "r2": -0.26265404571893636, "pearsonr": 0.6826049350792697, "median_absolute_error": -0.4183307953714712, "name": "LightGBMXT_BAG_L1"}, "KNeighborsDist_BAG_L1": {"root_mean_squared_error": -0.42681015598020655, "mean_squared_error": -0.18216690924784823, "mean_absolute_error": -0.3352542624844014, "r2": -0.3366909860239691, "pearsonr": 0.5056133642384243, "median_absolute_error": -0.24019017128750006, "name": "KNeighborsDist_BAG_L1"}, "KNeighborsUnif_BAG_L1": {"root_mean_squared_error": -0.42719130299526153, "mean_squared_error": -0.18249240935478933, "mean_absolute_error": -0.3354283818461811, "r2": -0.33907941683554976, "pearsonr": 0.5044374702753789, "median_absolute_error": -0.24443968095741064, "name": "KNeighborsUnif_BAG_L1"}, "RandomForestMSE_BAG_L2": {"root_mean_squared_error": -0.4547400823657184, "mean_squared_error": -0.20678854250998033, "mean_absolute_error": -0.3582735112853355, "r2": -0.5173578007521145, "pearsonr": 0.39849019579689016, "median_absolute_error": -0.26168671722080994, "name": "RandomForestMSE_BAG_L2"}, "WeightedEnsemble_L3": {"root_mean_squared_error": -0.4547400823657184, "mean_squared_error": -0.20678854250998033, "mean_absolute_error": -0.3582735112853355, "r2": -0.5173578007521145, "pearsonr": 0.39849019579689016, "median_absolute_error": -0.26168671722080994, "name": "WeightedEnsemble_L3"}},
	"12": {"LightGBMXT_BAG_L1": {"root_mean_squared_error": -0.6552917134687345, "mean_squared_error": -0.4294072297407901, "mean_absolute_error": -0.5013112995201251, "r2": 0.005119729469581058, "pearsonr": 0.26159508504289763, "median_absolute_error": -0.37114731839434245, "name": "LightGBMXT_BAG_L1"}, "LightGBMXT_BAG_L2": {"root_mean_squared_error": -0.6580204465773782, "mean_squared_error": -0.43299090811389224, "mean_absolute_error": -0.5085821284316274, "r2": -0.0031831836217472986, "pearsonr": 0.22884150400959433, "median_absolute_error": -0.4079827599398402, "name": "LightGBMXT_BAG_L2"}, "WeightedEnsemble_L3": {"root_mean_squared_error": -0.6580204465773782, "mean_squared_error": -0.43299090811389224, "mean_absolute_error": -0.5085821284316274, "r2": -0.0031831836217472986, "pearsonr": 0.22884150400959433, "median_absolute_error": -0.4079827599398402, "name": "WeightedEnsemble_L3"}, "RandomForestMSE_BAG_L1": {"root_mean_squared_error": -0.678784966187951, "mean_squared_error": -0.46074903032277775, "mean_absolute_error": -0.5324831913287019, "r2": -0.067495114627806, "pearsonr": 0.24854368934858834, "median_absolute_error": -0.4225205744488919, "name": "RandomForestMSE_BAG_L1"}, "WeightedEnsemble_L2": {"root_mean_squared_error": -0.6795955065439653, "mean_squared_error": -0.4618500525147488, "mean_absolute_error": -0.5306505774976712, "r2": -0.07004603873979498, "pearsonr": 0.21505487773528123, "median_absolute_error": -0.40229712734134027, "name": "WeightedEnsemble_L2"}, "KNeighborsDist_BAG_L1": {"root_mean_squared_error": -0.7915381604630692, "mean_squared_error": -0.6265326594692596, "mean_absolute_error": -0.6107374084584765, "r2": -0.4515940547279267, "pearsonr": 0.07728135570145177, "median_absolute_error": -0.47160513504167867, "name": "KNeighborsDist_BAG_L1"}, "KNeighborsUnif_BAG_L1": {"root_mean_squared_error": -0.7938188993428898, "mean_squared_error": -0.6301484449539572, "mean_absolute_error": -0.6135450675963946, "r2": -0.4599713557886642, "pearsonr": 0.07211638896794052, "median_absolute_error": -0.4711911807837136, "name": "KNeighborsUnif_BAG_L1"}}, 
	"15": {"RandomForestMSE_BAG_L1": {"root_mean_squared_error": -0.7165735742436998, "mean_squared_error": -0.5134776873043911, "mean_absolute_error": -0.5012262187674749, "r2": -0.05858913206050009, "pearsonr": 0.12963821563650016, "median_absolute_error": -0.34335094074040023, "name": "RandomForestMSE_BAG_L1"}, "LightGBMXT_BAG_L1": {"root_mean_squared_error": -0.7292125625170018, "mean_squared_error": -0.5317509613326123, "mean_absolute_error": -0.5290022014479417, "r2": -0.09626143948828347, "pearsonr": 0.026132797481592255, "median_absolute_error": -0.3949813361570481, "name": "LightGBMXT_BAG_L1"}, "WeightedEnsemble_L2": {"root_mean_squared_error": -0.7308260724908495, "mean_squared_error": -0.5341067482324005, "mean_absolute_error": -0.5135812506251634, "r2": -0.10111814596497193, "pearsonr": 0.03765830962710994, "median_absolute_error": -0.34860537620464527, "name": "WeightedEnsemble_L2"}, "LightGBMXT_BAG_L2": {"root_mean_squared_error": -0.7331290566260288, "mean_squared_error": -0.537478213669371, "mean_absolute_error": -0.5367875768704016, "r2": -0.10806878230017625, "pearsonr": 0.004970574575720952, "median_absolute_error": -0.38528675051978506, "name": "LightGBMXT_BAG_L2"}, "WeightedEnsemble_L3": {"root_mean_squared_error": -0.7331290566260288, "mean_squared_error": -0.537478213669371, "mean_absolute_error": -0.5367875768704016, "r2": -0.10806878230017625, "pearsonr": 0.004970574575720952, "median_absolute_error": -0.38528675051978506, "name": "WeightedEnsemble_L3"}, "KNeighborsUnif_BAG_L1": {"root_mean_squared_error": -0.8986950650608496, "mean_squared_error": -0.8076528199647247,